<?xml version="1.0" encoding="UTF-8"?>
<project-private xmlns="http://www.netbeans.org/ns/project-private/1">
    <editor-bookmarks xmlns="http://www.netbeans.org/ns/editor-bookmarks/2" lastBookmarkId="0"/>
    <open-files xmlns="http://www.netbeans.org/ns/projectui-open-files/2">
        <group>
            <file>file:/C:/Users/Icaro/Desktop/Testes/Java/ProjetoRetail/src/conexao/MinhaConexao.java</file>
            <file>file:/C:/Users/Icaro/Desktop/Testes/Java/ProjetoRetail/src/dao/UsuarioDAO.java</file>
            <file>file:/C:/Users/Icaro/Desktop/Testes/Java/ProjetoRetail/src/usuario/Registrar.java</file>
            <file>file:/C:/Users/Icaro/Desktop/Testes/Java/ProjetoRetail/src/admin/DashboardAdmin.java</file>
            <file>file:/C:/Users/Icaro/Desktop/Testes/Java/ProjetoRetail/src/usuario/ContaUsuario.java</file>
            <file>file:/C:/Users/Icaro/Desktop/Testes/Java/ProjetoRetail/src/usuario/Login.java</file>
            <file>file:/C:/Users/Icaro/Desktop/Testes/Java/ProjetoRetail/src/usuario/DetalhesCompra.java</file>
            <file>file:/C:/Users/Icaro/Desktop/Testes/Java/ProjetoRetail/src/usuario/DashboardUsuario.java</file>
            <file>file:/C:/Users/Icaro/Desktop/Testes/Java/ProjetoRetail/src/usuario/EsqueciSenha.java</file>
            <file>file:/C:/Users/Icaro/Desktop/Testes/Java/ProjetoRetail/src/usuario/Compra.java</file>
        </group>
    </open-files>
</project-private>
